{
  "errors": [],
  "status": "available",
  "fidelity": "DERIVED",
  "rankCount": 2,
  "tokenCount": 5,
  "headCount": 16,
  "comparisons": [
    {
      "rank": "0",
      "derivedShape": [
        5,
        2048
      ],
      "fusedShape": [
        5,
        2048
      ],
      "maxAbsError": 0.009898485572887417,
      "meanAbsError": 0.00034223777703366073,
      "rmse": 0.000616945655004717,
      "cosineSimilarity": 0.9999988915818246,
      "maxProbabilityRowSumError": 2.220446049250313e-16,
      "maxMaskedProbability": 0.0,
      "derivedSample": [
        -0.228515625,
        -0.20703125,
        -0.26953125,
        -0.0303955078125,
        -0.01275634765625,
        -0.640625,
        3.21875,
        0.0546875,
        0.16015625,
        -0.5703125,
        -0.53515625,
        -0.91015625,
        0.376953125,
        -0.5234375,
        0.60546875,
        0.3984375,
        0.5390625,
        -0.1181640625,
        0.3671875,
        -0.138671875,
        -0.224609375,
        -0.408203125,
        -0.3984375,
        0.21484375,
        -0.263671875,
        0.00994873046875,
        -0.9921875,
        0.057373046875,
        0.07373046875,
        -0.208984375,
        0.515625,
        0.251953125,
        -0.3828125,
        0.66015625,
        0.39453125,
        -0.291015625,
        -0.609375,
        0.318359375,
        -0.0576171875,
        0.546875,
        -0.51171875,
        0.07373046875,
        0.1728515625,
        -0.1552734375,
        0.1513671875,
        -0.5703125,
        0.162109375,
        0.77734375,
        -0.625,
        0.123046875,
        0.390625,
        -0.2001953125,
        -0.1240234375,
        -0.322265625,
        -0.4375,
        -0.4140625,
        0.201171875,
        -0.177734375,
        -0.09716796875,
        0.359375,
        -0.447265625,
        0.39453125,
        0.06298828125,
        0.6875
      ],
      "fusedSample": [
        -0.228515625,
        -0.20703125,
        -0.26953125,
        -0.0303955078125,
        -0.01275634765625,
        -0.640625,
        3.21875,
        0.0546875,
        0.16015625,
        -0.5703125,
        -0.53515625,
        -0.91015625,
        0.376953125,
        -0.5234375,
        0.60546875,
        0.3984375,
        0.5390625,
        -0.1181640625,
        0.3671875,
        -0.138671875,
        -0.224609375,
        -0.408203125,
        -0.3984375,
        0.21484375,
        -0.263671875,
        0.00994873046875,
        -0.9921875,
        0.057373046875,
        0.07373046875,
        -0.208984375,
        0.515625,
        0.251953125,
        -0.3828125,
        0.66015625,
        0.39453125,
        -0.291015625,
        -0.609375,
        0.318359375,
        -0.0576171875,
        0.546875,
        -0.51171875,
        0.07373046875,
        0.1728515625,
        -0.1552734375,
        0.1513671875,
        -0.5703125,
        0.162109375,
        0.77734375,
        -0.625,
        0.123046875,
        0.390625,
        -0.2001953125,
        -0.1240234375,
        -0.322265625,
        -0.4375,
        -0.4140625,
        0.201171875,
        -0.177734375,
        -0.09716796875,
        0.359375,
        -0.447265625,
        0.39453125,
        0.06298828125,
        0.6875
      ]
    },
    {
      "rank": "1",
      "derivedShape": [
        5,
        2048
      ],
      "fusedShape": [
        5,
        2048
      ],
      "maxAbsError": 0.007976059947362835,
      "meanAbsError": 0.0003816045210547938,
      "rmse": 0.0006737679800518731,
      "cosineSimilarity": 0.9999988315151648,
      "maxProbabilityRowSumError": 1.1102230246251565e-16,
      "maxMaskedProbability": 0.0,
      "derivedSample": [
        -0.091796875,
        0.326171875,
        -0.1171875,
        -0.1318359375,
        -0.69140625,
        0.515625,
        0.1767578125,
        -0.1259765625,
        0.41796875,
        -0.6484375,
        0.205078125,
        -0.392578125,
        -0.62890625,
        -0.1787109375,
        -0.126953125,
        -0.1767578125,
        0.62109375,
        0.2392578125,
        0.162109375,
        0.33984375,
        0.11474609375,
        -0.041259765625,
        0.11083984375,
        -0.1923828125,
        -0.8828125,
        -0.5390625,
        0.1328125,
        -0.1123046875,
        -0.5390625,
        -0.201171875,
        -0.04345703125,
        -0.11767578125,
        0.263671875,
        -0.05029296875,
        0.0849609375,
        -0.1376953125,
        0.5703125,
        -0.474609375,
        -0.33203125,
        -0.302734375,
        -0.16796875,
        0.01397705078125,
        -0.1455078125,
        -0.5078125,
        0.271484375,
        0.119140625,
        -0.69921875,
        0.34375,
        0.375,
        -0.322265625,
        -0.1552734375,
        -0.396484375,
        -0.3671875,
        0.09912109375,
        -0.765625,
        -0.1494140625,
        -1.0078125,
        -0.462890625,
        -0.310546875,
        0.2001953125,
        0.3359375,
        -0.24609375,
        0.1826171875,
        -0.05419921875
      ],
      "fusedSample": [
        -0.091796875,
        0.326171875,
        -0.1171875,
        -0.1318359375,
        -0.69140625,
        0.515625,
        0.1767578125,
        -0.1259765625,
        0.41796875,
        -0.6484375,
        0.205078125,
        -0.392578125,
        -0.62890625,
        -0.1787109375,
        -0.126953125,
        -0.1767578125,
        0.62109375,
        0.2392578125,
        0.162109375,
        0.33984375,
        0.11474609375,
        -0.041259765625,
        0.11083984375,
        -0.1923828125,
        -0.8828125,
        -0.5390625,
        0.1328125,
        -0.1123046875,
        -0.5390625,
        -0.201171875,
        -0.04345703125,
        -0.11767578125,
        0.263671875,
        -0.05029296875,
        0.0849609375,
        -0.1376953125,
        0.5703125,
        -0.474609375,
        -0.33203125,
        -0.302734375,
        -0.16796875,
        0.01397705078125,
        -0.1455078125,
        -0.5078125,
        0.271484375,
        0.119140625,
        -0.69921875,
        0.34375,
        0.375,
        -0.322265625,
        -0.1552734375,
        -0.396484375,
        -0.3671875,
        0.09912109375,
        -0.765625,
        -0.1494140625,
        -1.0078125,
        -0.462890625,
        -0.310546875,
        0.2001953125,
        0.3359375,
        -0.24609375,
        0.1826171875,
        -0.05419921875
      ]
    }
  ]
}